# Sandy room node — the Arduino default layout, written out so it cannot
# change under us: two 1.25 MB app slots for signed updates from the server
# (sandy_ota_pull.h) and a crash-dump slot. Same NVS offset as before.
# Name,    Type, SubType,  Offset,   Size
nvs,       data, nvs,      0x9000,   0x5000
otadata,   data, ota,      0xe000,   0x2000
app0,      app,  ota_0,    0x10000,  0x140000
app1,      app,  ota_1,    0x150000, 0x140000
spiffs,    data, spiffs,   0x290000, 0x160000
coredump,  data, coredump, 0x3F0000, 0x10000
